Promotion,code
7JGW8C6WDD43TPEJP3BMRTQ,
GNQFKKCKWQG05HC4JDNA6V6,
6YAKAY83PYCJBRP89E13ZAZ,
HAS3NL5UHWJK5D0427MZ529,
EXRB7GEWR7SGDW8E69A6S5D,
NJUZ21J5GA67LGH1GGDC6XB,
7B3HJ4YDVMWECQVYPZ3YX9Z,
T7GNX97AGFXH7MUT39HD27L,
RMVTXXRATJ2KEQRD4S1C1S9,
3RX8R2AVK6NNCPA9DZ9HGRQ,
U5957JY4LQVARNDNF2TDEH1,
86QM4NGUU7LXYD4NE2G0TJA,
A6CE16BMV9916X0PJLDGQU4,
RCS2P1CVWUZGCAWFU7A2K1Q,
T628VBM42GED8A31077DLPD,
BPBR963APUG4PJEJ9AFBZL6,
V6JYTS9JU62P3C3T0YZKQSE,
YG6VSZTSGV3ZY6YCQG4EBUT,
L3MYWSJP4JRX5JL2U4K5UKD,
9TSZVK2XXLHPPWGV9JKEBG7,
AQ6RQ6ZGGKS63H8WE8DMG0R,
X4YJ5RD3SP82VSCXYTJLDY6,
0FU0WZH1CM2RCWWGSH3BY4G,
6V1L2Z8F04SJUSZENLENPQ6,
X9U7G1NTZPA33S6BS6DTZFF,
S205RW734TRM314GXVEB5FS,
LZ6YWDM5SMG1NVNW20XP3KV,
GAJ8NDWD10WC4L5BJY65711,
WTWL60R8NG6ABLUXT9KQ89D,
S5W95J8XLR87Q5F930Q8GDY,
BA6LLXULC8CQFVB6WTWPHT9,
E5VCMG57XJSG8XAXJ71TQ1Y,
D1NBF5UWZZEV7ZJQM1E5XLH,
F8515KN6JDTLA1TGAQM68JU,
LEJE2PZ5MQ7Y533051Y6L9N,
VYX8VQKZY7U9GJWV8U03DZ0,
MSSUHZ8AQ8BPH3W2CSJEZ00,
ZME1PNGXEEU2QRDH5ZVJVQH,
QQ53RERF7V5JJ3H6G246BB5,
7A26M3ND406ECN92HRJ7JQE,
S2FM6JEVKZSF4ZQD8E0Q6Y1,
EWVQY5RHGBAL8PPEBQAUC87,
XV5G1GG6X32N1AVWS9TVJKR,
NU1WMA4LLWHZ4MQANNBUU9N,
103Q8SVZ4A3Y7RUGTTHE5T4,
5E6C6PDSRUV23TU0BD6S0ST,
DNMNXHJ942V10L0U6NC0VBG,
7B4HK0FPB7HELBJT0PJWTKU,
M5ACCQ7JP4YH0REWXBB6QAM,
EF8WUEQZ8CBHR3K3XZBLMRW,
LAZRL2HRCNRS887V8E1EJNJ,
78LW1C8VJ0BXH8NAYCWDUV4,
4MSJYL1JYQYNKFNUN11L8EX,
MP1E4Y644VT7W9WBL41E189,
VLTNPJB73MUMPFS6FJWD28S,
CH5F9QRCFT2QAAZ74NHC4SL,
2LS1UURHWKKMSD9A1133P59,
G46KJRCAT0PFPSZ7WGLJKVU,
KZJ0Y9VQSV4D77F95PYR834,
5T4C3M1BN9S7ALLTYBA5E5K,
6UUJ35F2WWHQ1SXJ4KJCM49,
J5UPPLZURQAJ02TULERD5BT,
VH8R1PMVZTCKTNNQ9EAVECX,
AN9RUW362PV1RV45GTVDD5J,
M1AC4T2J20LLR3EPL0SAEA8,
8BXBZ3P220RRBM423VE18MR,
R73109NPMEZRZ3K3NWD6LFS,
44SQ8HYHRVC2J1VPTBQM30R,
DTLJDT9L6BQ7GR71290QQV0,
PSA213862SZ8FC675S92X2W,
F0F8YLMCYE6HJQP11E51QPF,
BL292MULHNJE374U6901H99,
NZ2Q8MA2LMK2J15HAFC58PM,
TP2N1M6D7XEV63K56DFPD4S,
TMTF13T084ZLFQEVNXMX9HZ,
WVKHYATC4EN9YCMDZ8YE8RX,
5LHBP3M41NTTLY8886274R9,
WJS4DJ0EAH96KWFU8ZYHNXN,
81EH7EH6P5JDQC5W0ZSZ2UX,
TFFBVJDET1JU278WEXX2VVW,
QWGJB5PXR2F80AJRHDP4W0Q,
511ADYKVVFGCYQLP9RXJ247,
0U52MEF62K6KBVVVTJ22KVZ,
6361JN4C5M8QMT0NQHYB35P,
HP29C0VQPQBW1GZKD1QS7TJ,
VPHKMKD71VL55BGYE3UKEF1,
LTCMU0EC4GGEEUVFDL4HV06,
03U1AEJD22BG11DW72LE7LB,
WWFB98DPGE7UNEF00DJPP2T,
GLTSAA7FXBASRDXG2MCYE2B,
8NWK0748DYVM83KQV5ZXGS5,
7GYEXLYTU6VZ4NF3MSG6AR5,
H48TULQAWYZJ7CC5AF1VQST,
LZC7584LK5L7203YBYSHCC1,
LQ8QKFBKTJJUSKVUNG7XQX7,
CUAP011UGLPH3KMR21KVNXV,
1LXNMHBXS2PVZJ6DT5M6QF7,
YXUY1PA5VE2ASVF4BP8HHRY,
XVUQZ4N1U8RE0R0AFVT1Y12,
AT6YX8WPCQMLQVFQ5YNQKLF,
0LUK3QU37CKGCCTZK1KQ1N9,
7Z5EEQUU6YFQF0LYJC5MWW2,
24LVQETU60KY7ZKH3T6A1L2,
HJZAUH64QC1FPV1BVCML8YN,
4QPGB31H330GYPUMRAAYCF3,
0X35N99C4W19ZBB1TSX817X,
B684BGRASFASYN39J6MWB7J,
S2ZBXKTA2DAHLCEJ946HZEF,
FQTXKVG95ZRXYYJXHQLXC77,
UEYN7J8DYH5AP1PV3Y3VS8U,
6P84644EDBS6GB5K9RH83ZT,
TQ9M986HJFQZME8TUMLA5CT,
YR6YKKGHC6HF3QLMFQ1MXG5,
KV3BU0RZ2MNB63BY1053G2L,
N4NNGR647VLFTTCRYV7K166,
RT5V2G674Z8QK7LEP3W6SJ1,
ZWGCY30J7CBMS2G0D19BDZ3,
0DXWVQYH9LTKZ4LDLNAFEAY,
79NCZRV69XW9SE1Z9TZLKZ8,
BUFRJUZ0HGH1AD1LU3N0VRN,
YHLC3GM38CRWFACM620JX9G,
NAFW35ADLXRWKHZNYNWY6YW,
NGQXYD19R9M4Y0AEM4SJC8J,
V6L715G6KXUD77T828JLU10,
KFH2B5DD5P4E2FU1WB9VL4E,
E5K04B9Z5B8EB8RW0F65WX2,
3YSVXV0APG9FPJTP8EMPXFV,
TN97NJ96EVZP5S68RY8ZQCN,
A7LKRB2L6C1AK6ELFH2AQRC,
8UVPGN2EA1MEZEMPN69RGYL,
K54ZG8DQSFPKSYA725SDTPA,
K0SXY1QDZQL6ZQ0EH0FMZV3,
VDC4UP66T2ZB4SWTEN787CZ,
VKW9RUYKA21KFG79CG0XJBY,
PGWN2CE07LL67H79E3QMDN4,
RE5SYXJS7ZCBC7NVGZ0VPYC,
FGQ110NVAWV57UC6FESHXVE,
2N06R5ASKNHLWVQLPQNGKTM,
TVKLZWN2YTYM8RZD67B9T4C,
N46EZXPC76880H09MLVN6C8,
8M8ZCJM5MJ1GYU2RM6TXMAZ,
AH54AFFCTFWL993A1SFRGQY,
3T6ZXDU7PN1HWPNX5M6NB5W,
ZY858J33ZJPVKEVWCVBWS3K,
B6KGGVRV0HE2D37Q2695JCC,
NP7AAF8DH6T5BU9CNJSWT49,
687R1BMM3DWP3AF12RTS6Z0,
U8XFCH2QJTX7MFJD502T1LF,
HV39KTU0H6MXN2D6BJTKVTD,
PU232MY8GR3TNZJTM6GBCRB,
45WFMJY33B7ZJC07HU9CMMQ,
7FZ5LLZ30EL3E523PSM72WQ,
MM258HR73EL3SXGK0QL3HDK,
1ZZPGB2DQ5GDCFCEX0HPEPN,
VD5RU4NAK1V8L50K2A1FFT4,
XR1Z59RAG23WAY73JD0EX3B,
4SPWTL4W53ZBAV849Q3V4EP,
F7GKLCEXXJRUR9HRMHN81EA,
X0PF1V6SPF6RHH8MTK1FNCW,
PA8KME8D72Z1PNEGU99GFGV,
0S61159RCJTGHYQ1FU38E0K,
PQDTAQ414GCQUM2TUVRM8YE,
HTPCPKLZQ89LQ06ZBLKERYY,
MM4JZZP0L0XJ658WCYBYZ15,
VSXEX8LGXUQCANDNDZRD8SY,
7ETLUX2X23279GJN316870B,
RAKZGVC62G0CFAPVVQB6JEH,
VJHZH0Q40MMF03LT0DY12YR,
K0Z1KEMB19KDKCLS9E7Y864,
BKY46MHC6CCRKJ37XPC4CGP,
UT3UH3TMK4HADPKCZAM1GS4,
L49FQVPMMTN5PSL6SNY503W,
B75WBX92RNBSW34URDUW29V,
A1GBHZ2CYFXESB2Y3JV6FXQ,
TCUTW8WMPUWM5JA6K7JMCC8,
BG6B1PX470TKLYMM80YZLCJ,
WFLFG3TQ923U0RKD3J7Y1DP,
0ZSLLRZ2LLQVNWBAHZSPL0C,
KG46SVH26EDD56PLQT60G5R,
XE0VMCRH4EM2QK85MHQGNAD,
NAT3L6097YPGX1EQHSQDWQH,
XZRLRTMFTHQTLKJLJJQ9WFD,
4Y5FT9NMLFWLXN3FLLAWY87,
07ZEHM2KTU5PRQQ85AH5442,
3WWF5KZACZT3HPH6UTFG1PN,
AMKDMPWZW7HGU5VT1UF8JJL,
H23ND2Q3RK6WL1D8XWQ28VU,
5CXDQ212QE6ZZCHAJ3P2PUZ,
9A8UPX6SAQUZ4MEPTC8D4MU,
X4EH2S9FZLRQ00Q8T720FPB,
7EFM4KL2WLYZZSTRRF2BQC9,
LQRU4KP9HPB5XPAQCYCFV60,
EAHVDULV1YMHRL0L5UGUXXL,
9A086HFVL67G5SH3077HVJV,
KQJEBB7ADMR29E9S6YA3UWX,
7B4Z1BYALTDXNYQMZ6QPYWW,
NQ1T9DBYR75FSE08WXJE8L1,
ZYPE97297U656J3C722BHAN,
7A7DV6R8H1JN2F9H2N3C7AW,
3VRC8XJ0F6RP4L56BWBPBEF,
T6N8RACKK4UELZV2W7F6MT8,
LG70VGG78Q1LZ39LBAY5GUG,
8VNG0R77KJ1D7FPRQXDR32G,
AKAB6HZKUDXLJB117DPSL13,
R77AZP355PFTF5WTG7A3KR4,
P2U5BWS7A756DJ5RGTC9J5E,
9TPW0HEK51KRGBK71DMGB2U,
U658XBXD2V9WRCEKFLM88XE,
LCWRA2T6JUSBY0AXDQ3PB47,
YCFXD9AMJH0NCNFUGZLYG6S,
2ECBUWK7J5WHSCA95HL50QZ,
ZEQN2HKMU3Y9H0J5KLEZLKE,
FNU8SMP2ZZ04SHYTZY2RHBG,
3M7MNZ1NY34R9GBD1M2S43N,
MRQAYTHPPMYD4LLKS08HBBK,
6QNTGSBQXR75BQFWE0XQE7U,
AD72J5JL3FML77XEQCD8EVF,
HGQ2YVT7HNWHUTKE6KPL73Y,
9Q3ADM5DQ30R19ATR4XUPBE,
YBP37S2EGYVB9CHEVUWPF97,
D77SKB3YVNJ65SEH944RFF3,
U8VALA7XNQAR78FD8912F0P,
9B7SDPTR35E9LHFWQMUF9FP,
F7T0H4X5X6GG1E2W709PCNF,
A771L9U21K6N9GNKPRUFV0T,
HDDV2TGAK1Y6XR2F2K0JFXJ,
XQW9ZG7B3ZEQD9F4DHTZRMJ,
D8NSA8DU6PS4J6TV6EJW3US,
7914Z92PLPTCQJMNYTTXNAF,
7B0SBX70N220ZWLEQ9UGJ0G,
PVKBS1VF9A0G81MW2X9128N,
1345C95W0LHCEGXJK1XUUFC,
Y3HG6H1SAMXSSFNLG87GLE2,
7GM90A0DBM65HSDZULTVRHL,
PUENAC3TT6CJ5MDPNDQ1D8K,
87E4QD7BAWXG4BTK3PDYTPV,
091K63FFGDX6JA3XYEPNZGN,
KMLA5SP5161XANNKKZ1QPND,
8TJQ8T7L5D25MY79D4HM42X,
ACHJDVQT7THQY3CEZRQ7QUV,
SSURS4LSNNCG1FV06ZU8KFN,
887YZBVVG1U09S4VKRDZU16,
Y4DRCG35XJ87VBKA8P5UQYG,
FDL906UCMB0HC4BF8J36NET,
PGXV3LF3QHPRZQ7SCKQKH4V,
4L83EE2KFVAHX6KJRL8N4S3,
890B308Z618SE3EE7Q83T8J,
ZK3EMBGQMX5E0GNQTF5ESXH,
HU8XGZWH55LS7UJ4RXP8U3R,
JGKH8YXDX9XNQMUJVGC6WM8,
0NB2R5X6ACMH9WAGXP8WEF5,
ZH6MW1LZU9BAGZRVY9ALZVF,
UBRVWQ67A1H1QXM208550WW,
3W0FZESE0LNR5P78G3VEQM1,
7SLGJYKY5V3QH1NRRF1ATYN,
V39AJT7J5FNJAV4FG7KG7BT,
L4JF35VQCHXQ2Y4EW6Q73Y7,
NYBMB800N2T13M5JNFPLM1J,
KUC6GBZQJ6CKRE64J4FFFGX,
ZNPZL4UWZEEZ3GZT7KTEH2K,
DTC9LLYVBZEUPKYH4P2PBZ5,
DJ9SWD2U3TAHR4RTNT7QS42,
PY7JPZGE9LRPBWX7WDRY19R,
U6R80QRTTBK8GNGDZ3DVZVJ,
8VQDCNFD6DN5UBAX7JXXGPB,
3E5HL5BUU2KA9XEL36M8B8U,
85S1DFE5UBF3KA9LX7L9LS7,
HK4JC5QP23NWB8TQ108MRKY,
R2LSS368JLGNBVRR3WD7GMP,
GMPVDM1ZUKHKRYCTJZQ1JJ5,
A5Q58ZVP4WV052Z13UUVS1V,
KMP86GW6QFQ4TK0WG66ET19,
YHG7X78J6T0ERWQLCQQMRU5,
Y5GS77KQZUZ29Z7PP8S48VM,
6TPTTWMJ2M5GAJWL1DWQ1GH,
UYD7KN7WK5VZR5CXMJJNNUB,
5UD273L08V30CGHHT160TKH,
DUJM0CCA91VRG3721P3C3C4,
YNRPFVBUCSU8M14Q54SEP4D,
6KQV29ZGFXDX2ZBR84NU1V3,
JMVE3GGMNB78W48L8G0VFH9,
MS0HEAQZKUV6VPLJJ1NJTZ7,
9DU1DS85M93ZMF5F42F56YM,
CKMC4AQU5DDQCH2SDH1CMFK,
CJCQ8CJJCX80N7BYM8KY5ZU,
FHK8Z15AC3Z81QC2SLSX85L,
FS35LNQH51MR0BZ2ZW5V14Z,
C6Z9QQMC5ATRQKK7QFW1BLQ,
9QAN008BLF1NR9W6SGGXHTT,
9LU6YYR9YQBAUK21T6WVVTD,
CMQX6EBJ831BXV8BN5EDL8M,
4S5RUH24GLDQG5AHESHEH6G,
YS1SEHNRTHYGWQHT0DCYMNS,
20LGF53LTB0FAA6ZR8CSLFY,
6FA53KFDMVSQB3A2H7KLYKV,
UEBLF72TEE44XL5C9AC9E3A,
BMX4PZ1MWP0GJR13X8ESNZX,
CFVYKEN5EG4CEQQPWCYW64K,
CYX4NKD25UEDEJZXM09SLS3,
QFTWA2CETCXKHYMFBWG6SEN,
5898VEGNLM82N628ZZT32WH,
CLCKSPMKZ0GURXRZLH6PL85,
LPD6G08NTHVVPS6CC4ELGTJ,
4BG86HEC9WBCVLFGX8XQ3DK,
HCG0G5W7A0S4S9NHPYMFRWM,
YNAG1SFUPZPAY2VZEW6KYQJ,
ZJL0HKHBJSX31ABVH7TF3UV,
Y91AWXK7HK1NXY9NZM098R4,
2GE4RN9AWCEQ4NDULWQPS9E,
3A5QBE0GSHXSB1N1WFHRKY2,
LFAJ6FZDFUVA1MADUM8U8KF,
4BK0WV9YY2LHBLP431LR5EZ,
KG7S7FBAU1RHLB61XLL2QC6,
JK939N92QU95C48XH89BUEV,
GJX3SBK7BZ7FGV3CAUV72FV,
PNQYD8XFSXPK2FZN810455Q,
283D4PQBB0ALJMWEJX3YUGF,
K99QR1AB3DG0CBP8E1N0DKF,
B9URQTKVTYV05FV8Q9JK7MQ,
J421UXDNM2RWWR2S6XJXDQM,
X7NB2NNKP8H898S11JD8TDR,
CZPRF1FJZEYKJH9HN1DW0XZ,
JHQVPXJT6JTGWRXFLST41BG,
76XRQD40EWVFGZK42D2Z2RZ,
HKAK6SWCECV7NZBHVVT7QJL,
J3HZXWJG1JP1PCRJ747938N,
FHRNKP7S3GEGWQA6L0CV1K0,
0GFC21RW9SCHSMH20CFWDC5,
YWCR2G0S1MM0XD7DD72ZEXF,
QV2DGCDL8DNWFL8SJY6SGDP,
F55942LACALU5DSSAF0MVGL,
F4H0PU0PUJ83BFN0J9PD2M8,
A3NLZHBEC9AHNGPGLJ14NEN,
2YLVRNYM06XRWZDY6PFFJ7M,
MQFATUCXFXJX927WEJNP5B2,
YBRBVFC5BLPKLCP7ZUMQ2M1,
3YJAY73BAXKGLD22AP00M04,
WABSCACXERG22LRW7EST18H,
B2391HFN1WM3ZJC652JV13Z,
L9UX6CT6E3CQEXLXQHY1304,
GEKAD25QS0YMELL3VHQ9PDR,
TPYRQC27427T9G1XLSS0MN2,
MXY76URT7K95XM086ENL8SE,
2881AB37EMMRX8DMR7AH497,
Z6M041RMC5HA99C2CT0DB36,
9Z48YK1EB83K7YSM46RV9NG,
WA3KHSAKH9F1S6CA9XQD5DZ,
FJD34X67FLQHM47NZ06H111,
4Y4K0E1LEHKHYLHTZVRXLQZ,
MSG9DBBVWAJDJFHN252ME31,
BCG7AUR4Q8MWYPKYBSDCC8G,
UD54CVXJBQYFZ12XKFE4P6Z,
ZT00YKZV0Z7SNGHKVURVYM2,
YD187FFT48ELUWUXMK7H4EG,
3AZY14EUQKBV5EWMNZHSUP7,
CY67WZ051RASYL6V29346VK,
H1RWQNUE25MGM0FG1MSR0NE,
WMNPQATQXZ6RU3ST7FXDCGA,
H7HY1QTMAWMK7HJAC1L7UYH,
QT3VF5PC8A6L29G2F9CMX91,
S1N1Y9NVSUUPKXRU8Z0FD0M,
2RG4HV3BXLR2LRY89M7DMZZ,
ZA2CCCSJX6LG2KHHWXYLRB4,
WZG0LBNLB4NYGPMNALYVFXT,
GJNSSS6KZ53MD2UP7TAJQUA,
3WK0YG6RHRD7RBA7KWUGXA1,
33TUY8VFSKMUKCK052S0MQ2,
0TGNABTN0YRRVX19JZ7K5B6,
L2YQBFKASJF5X1208F7MRL6,
4PE71JXTXU50GZGK8FSU6QK,
ZG2K7XDCUHUGDZQAWVRT7A3,
74ZB5QKUP8BLTTVLQ2GH35T,
6XVQ90CGQX5RRC5231XQ2P7,
W7NJG8CUMA1YZ4V0C9UPYND,
9D4F236F2D9ECZBXRJC269Z,
RN71246L443BRDTTS28LJB1,
VRUZPWVA0UTNGSH0LVBMST3,
XK6HJLYNFG4KAR9Q4JRMWU7,
96V4RLNSJJ7RZJ5FC1J77JZ,
UKJUM66ZAG50GY377D523DV,
D1DLSLGWHUQ1PP6ZK71G96C,
5YXJFUYRDGZEU1KD9A5RTFF,
PX3XSN34AG5P2WMWCMHWCGD,
UZ93MH7XKJZMNJZZJ3RWLHS,
JSS7V0TTR34UPBHH8UZB3QE,
JL59FDY3A4VNG1TPWEC9QBD,
0BTJLQC5HVF1ZPFYJ9TBSBV,
MY5Y9TQVZB2B3G0H4XN52NK,
N1KM7T6GN4W2VA56HXS1VSV,
N72B7Z0XM9JRHQLBTE5X2PW,
TKX4UC9ZJLQU3MYRE9F5N76,
WL1S3DFQY4RJUUT98Z3UXCG,
QMZY00Q10M692DN2W7D81PN,
8M0AGYJ4PJ7ARQ2LZAQSYPL,
KQX6FYL914W688GCV0VJXQX,
KLKZHE4FYQ9L56BXHCTXE74,
NVT1TAWMF75DN4SSUC5NREL,
XTZ1NZZHBZCXPPDZY798A48,
5SCSZ701W3LA3WZHFXPD9S0,
UMLT5NJX1F5STUB5YTPNKN6,
CMBYNCCASXGUY29ZCPJ48DP,
SCFDXCBV1NUNL1JPTPXLDEV,
1S98LS2A7LDNR2XR7SQ2ZE1,
LK9F4VWRU32QAPLPQZ0DSRT,
6K4EQQ0F7MRRPEMQHDUUTYE,
TYEC8DBGNC4T9CM1YGBNSGF,
BS3VEPEZ845RRVDKVV1Z4CY,
MYD44FE4UZN58VCQ4QF6U2H,
104XNT9EJ24ZQABDHQXB66J,
64ENW3FY34P35SN55LLJCR6,
YV1NU9G0KNBU5MSJ9SSRBER,
5K05SNERGBGHFM1NDH1WJ1G,
NH9ZBQXKU9A5ET8X6JWMSHN,
R1WZU7X0N7X30L7JF2E1ADB,
0V8ZLRLL8MJ6C5YWZFJJXCM,
JAVQZ27CETET1815EPE38UU,
JZLHUDNCL8GWLXJ32LSD892,
R63CRX31V8P2B1ZMDF56GUZ,
KWJAKENZC86E887VCNV51P5,
TTTB606T8XYVNQBF13PAJMC,
QJ442H14D6GPCTMWH5LJPAJ,
LFDWJWXHPBT3EYGB3EAVNFU,
ZC7SSCNQKQTK0YW71C7H35H,
1L8KMTBD72RAHBPKCU0EXJ6,
CH4P6N0TWSSPLBH95FYV18B,
G5VL72QZEPXMWR56869HYQ0,
RP8TV6R85Q6JX2WXGNC4N6Z,
8RCDXDPFGNZ3KGHK4DAUC3U,
UNHVHT981D518PTU11PAS6T,
UJ192674YWTASWS0YH5901E,
HF3JQQTQRE0CSZWLFR4368U,
Z3XB56CGH1QA9JBT9TJ32ZH,
4U0X0M0JU1HSE0T8LPL8VP5,
H9YZ5YRGX7G83CS672L1AT1,
2ZURC405UNTYGN3N0HW83KL,
QJ1SKD8L5FKF1ULH10CUVZ2,
D7Q62TK27HBWZAB24AJ5WKC,
X4K3HC2K4R64CJ7NU46RUXK,
591U44C75MTLE131LAU6Z59,
BZB4C6QSFECBNY9K795KLBV,
H1HFHLYU7NUNEWATRYQPCQ6,
FBA4NNX2XPEZ49270HCNWWD,
17NQ49CZ2FQMMV9QPB7N72F,
0WLCXP2D41ZCZXTC7ASL745,
G7KHBBUDHBHAMB77BC98E4W,
2XH6ZEUR93QKQXDT93MRS6E,
239FWNZK1BWU3S2X3RZ75WT,
61RWD2UGSCW4KNC3SMUDFA9,
9PV1RBJYYN9VHVLP4RGCRBC,
NZTG5UW5LBF1RCG1YEM97FC,
VNXCD23Q6MEYR8SCL4G4E38,
QAQJ95B2DTMUGKSBFPVZW5G,
116Z704HQ5CKLVVU2JQ3U0A,
D8HKCSDCVPQJTVCS6UZYQZS,
2Z2H08X0LMALNXXSPCE04AD,
PPAPZ4Z8BYNTLGYV81KFYYV,
AC3WM3SCL1Z0H9LKQ63S508,
LGST7JYG776BL9FEPMQ6Y8P,
VLU4DDSXKT5TUEYZRE4RHW0,
AQTRJLN5GHZQPW6JNUNGKYG,
JP0T17H06CUGE201WNKFEEH,
ZC4JBM75HHY82XKWMXQW386,
PAD01B3A6C928G4G6BMRQWB,
VQPV7SJS0KA65JVRWKASY4J,
LK3HJSZF8S1SNKD2VL8EFBH,
EJV8R9GF1WDRT4Z1X5G8KHA,
RDYRPD5WFSAC49J08GSBD25,
Q4UTAJTYHU07P9FXV5U3FJS,
CX7S9KL0EJ7UDK2P2QD9Y7Z,
57M9TA0FWJ473KLZKCH1NVU,
ZA3X6KLZ0SX3XPALCNE1VB2,
07W1EF2V2RQV5ZBFFW7F4UH,
0GYAGCYKUVEES6ASR1PXUWU,
UH63HL1J8VSQ3N0Z532YJJA,
AAJQ59EYX9L3BLTX6VVN75V,
DBGJC9K878Z1VNY0GUF2WK9,
J706WV7VHPXXEMGZ3N8NX14,
0F14CW3KELNESSQRR4LL5CH,
UE5SFUYAVWKZPG149Q626ML,
16X92P0AD3YM6DDG63RABMX,
1XD93X9PBPJFP92H4FYAMRS,
L1UFBKULY3N6FAA31ZUJAJK,
NN0QCX11P6WUCP0386JUH80,
JV3B9VDJWY2M4EUGD8BHUJS,
UD42QFXN3BDRY845HJ4UPMU,
YFYBA4FTBE22NY8MUDQ84HZ,
JHZPDG1AVSQ2EUGWR424QFS,
Q3P8H1S9ZDVDGM36NJCTGHL,
PL811MY46HNKUM2E95D4H5R,
YHCMSM4KLQMDCAURA6RUVC1,
4D7TKKM90W63Z291FR8Y8SC,
1TLCEFN0S9MX3M783YSDG55,
6YED1YLP3LFZ2MGBCW5DZ12,
DYUFYCYU1FXPHPR426C7QXZ,
X7B0E2ZM4DJLU3QWLZ8813W,
GAF7964PKE1RYG68DU0A60Q,
9YAJZ4XKZPM1XXX06GN2Y3S,
GF99Q35XRCZ3V7KRW5TAMXF,
KL03MNBEY5LG0ZAAHLD5LLW,
PQ1W0E2A0B5ZEQKZTEDWSH1,
